Module ID,Module,Category,Kegg Category,Fullname,path,Level1,Level2
M00002,"Glycolysis, core module involving three-carbon compounds",Glucose,Carbohydrate Metabolism,"M00002 Glycolysis, core module involving three-carbon compounds [PATH:map00010 map01200 map01230 map01100]",map00010 map01200 map01230 map01100,Central carbohydrate metabolism,Carbohydrate metabolism
M00003,"Gluconeogenesis, oxaloacetate => fructose-6P",Glucose,Carbohydrate Metabolism,"M00003 Gluconeogenesis, oxaloacetate => fructose-6P [PATH:map00010 map00020 map01100]",map00010 map00020 map01100,Central carbohydrate metabolism,Carbohydrate metabolism
M00004,Pentose phosphate pathway (Pentose phosphate cycle),Glucose,Carbohydrate Metabolism,M00004 Pentose phosphate pathway (Pentose phosphate cycle) [PATH:map00030 map01200 map01100 map01120],map00030 map01200 map01100 map01120,Central carbohydrate metabolism,Carbohydrate metabolism
M00005,"PRPP biosynthesis, ribose 5P => PRPP",,Carbohydrate Metabolism,"M00005 PRPP biosynthesis, ribose 5P => PRPP [PATH:map00030 map00230 map01200 map01230 map01100]",map00030 map00230 map01200 map01230 map01100,Central carbohydrate metabolism,Carbohydrate metabolism
M00006,"Pentose phosphate pathway, oxidative phase, glucose 6P => ribulose 5P",Transport,Carbohydrate Metabolism,"M00006 Pentose phosphate pathway, oxidative phase, glucose 6P => ribulose 5P [PATH:map00030 map01200 map01100 map01120]",map00030 map01200 map01100 map01120,Central carbohydrate metabolism,Carbohydrate metabolism
M00007,"Pentose phosphate pathway, non-oxidative phase, fructose 6P => ribose 5P",Glucose,Carbohydrate Metabolism,"M00007 Pentose phosphate pathway, non-oxidative phase, fructose 6P => ribose 5P [PATH:map00030 map01200 map01230 map01100 map01120]",map00030 map01200 map01230 map01100 map01120,Central carbohydrate metabolism,Carbohydrate metabolism
M00008,"Entner-Doudoroff pathway, glucose-6P => glyceraldehyde-3P + pyruvate",Glucose,Carbohydrate Metabolism,"M00008 Entner-Doudoroff pathway, glucose-6P => glyceraldehyde-3P + pyruvate [PATH:map00030 map01200 map01100 map01120]",map00030 map01200 map01100 map01120,Central carbohydrate metabolism,Carbohydrate metabolism
M00009,"Citrate cycle (TCA cycle, Krebs cycle)",Citrate Cycle,Carbohydrate Metabolism,"M00009 Citrate cycle (TCA cycle, Krebs cycle) [PATH:map00020 map01200 map01100]",map00020 map01200 map01100,Central carbohydrate metabolism,Carbohydrate metabolism
M00010,"Citrate cycle, first carbon oxidation, oxaloacetate => 2-oxoglutarate",Citrate Cycle,Carbohydrate Metabolism,"M00010 Citrate cycle, first carbon oxidation, oxaloacetate => 2-oxoglutarate [PATH:map00020map01200map01210map01230map01100]",map00020map01200map01210map01230map01100,Central carbohydrate metabolism,Carbohydrate metabolism
M00011,"Citrate cycle, second carbon oxidation, 2-oxoglutarate => oxaloacetate",Citrate Cycle,Carbohydrate Metabolism,"M00011 Citrate cycle, second carbon oxidation, 2-oxoglutarate => oxaloacetate [PATH:map00020map01200map01100]",map00020map01200map01100,Central carbohydrate metabolism,Carbohydrate metabolism
M00012,Glyoxylate cycle,Anabolic,Carbohydrate Metabolism,M00012 Glyoxylate cycle [PATH:map00630map01200map01100map01110],map00630map01200map01100map01110,Other carbohydrate metabolism,Carbohydrate metabolism
M00013,"Malonate semialdehyde pathway, propanoyl-CoA => acetyl-CoA",TCA,Carbohydrate Metabolism,"M00013 Malonate semialdehyde pathway, propanoyl-CoA => acetyl-CoA [PATH:map00410map00640map01200map01100]",map00410map00640map01200map01100,Other carbohydrate metabolism,Carbohydrate metabolism
M00014,Glucuronate pathway (uronate pathway),Uronate,Carbohydrate Metabolism,M00014 Glucuronate pathway (uronate pathway) [PATH:map00040map01100],map00040map01100,Other carbohydrate metabolism,Carbohydrate metabolism
M00015,"Proline biosynthesis, glutamate => proline",Carbon,Amino Acid Metabolism,"M00015 Proline biosynthesis, glutamate => proline [PATH:map00330map01230map01100]",map00330map01230map01100,Arginine and proline metabolism,Carbohydrate metabolism
M00016,"Lysine biosynthesis, succinyl-DAP pathway, aspartate => lysine",Amino Acid Synthesis,Amino Acid Metabolism,"M00016 Lysine biosynthesis, succinyl-DAP pathway, aspartate => lysine [PATH:map00300map01230map01100]",map00300map01230map01100,Lysine metabolism,Carbohydrate metabolism
M00017,"Methionine biosynthesis, apartate => homoserine => methionine",Amino Acid Synthesis,Amino Acid Metabolism,"M00017 Methionine biosynthesis, apartate => homoserine => methionine [PATH:map00270map01230map01100]",map00270map01230map01100,Cysteine and methionine metabolism,Carbohydrate metabolism
M00018,"Threonine biosynthesis, aspartate => homoserine => threonine",,Amino Acid Metabolism,"M00018 Threonine biosynthesis, aspartate => homoserine => threonine [PATH:map00260map01230map01100map01110]",map00260map01230map01100map01110,Serine and threonine metabolism,Carbohydrate metabolism
M00019,"Valine/isoleucine biosynthesis, pyruvate => valine / 2-oxobutanoate => isoleucine",,Amino Acid Metabolism,"M00019 Valine/isoleucine biosynthesis, pyruvate => valine / 2-oxobutanoate => isoleucine [PATH:map00290map00770map01210map01230map01100map01110]",map00290map00770map01210map01230map01100map01110,Branched-chain amino acid metabolism,Carbohydrate metabolism
M00020,"Serine biosynthesis, glycerate-3P => serine",,Amino Acid Metabolism,"M00020 Serine biosynthesis, glycerate-3P => serine [PATH:map00260map00680map01200map01230map01100]",map00260map00680map01200map01230map01100,Serine and threonine metabolism,Carbohydrate metabolism
M00021,"Cysteine biosynthesis, serine => cysteine",Amino Acid Synthesis,Amino Acid Metabolism,"M00021 Cysteine biosynthesis, serine => cysteine [PATH:map00270map00920map01200map01230map01100map01110]",map00270map00920map01200map01230map01100map01110,Cysteine and methionine metabolism,Carbohydrate metabolism
M00022,"Shikimate pathway, phosphoenolpyruvate + erythrose-4P => chorismate",Heme,Amino Acid Metabolism,"M00022 Shikimate pathway, phosphoenolpyruvate + erythrose-4P => chorismate [PATH:map00400map01230map01100map01110]",map00400map01230map01100map01110,Aromatic amino acid metabolism,Carbohydrate metabolism
M00023,"Tryptophan biosynthesis, chorismate => tryptophan",Neurotransmitters?,Amino Acid Metabolism,"M00023 Tryptophan biosynthesis, chorismate => tryptophan [PATH:map00400map01230map01100map01110]",map00400map01230map01100map01110,Aromatic amino acid metabolism,Carbohydrate metabolism
M00024,"Phenylalanine biosynthesis, chorismate => phenylalanine",,Amino Acid Metabolism,"M00024 Phenylalanine biosynthesis, chorismate => phenylpyruvate => phenylalanine [PATH:map00400map01230map01100map01110]",map00400map01230map01100map01110,Aromatic amino acid metabolism,Carbohydrate metabolism
M00025,"Tyrosine biosynthesis, chorismate => tyrosine",,Amino Acid Metabolism,"M00025 Tyrosine biosynthesis, chorismate => HPP => tyrosine [PATH:map00400map01230map01100]",map00400map01230map01100,Aromatic amino acid metabolism,Carbohydrate metabolism
M00026,"Histidine biosynthesis, PRPP => histidine",Amino Acid Synthesis,Amino Acid Metabolism,"M00026 Histidine biosynthesis, PRPP => histidine [PATH:map00340map01230map01100map01110]",map00340map01230map01100map01110,Histidine metabolism,Carbohydrate metabolism
M00027,GABA (gamma-Aminobutyrate) shunt,Biosynthesis,Amino Acid Metabolism,M00027 GABA (gamma-Aminobutyrate) shunt [PATH:map00250map00650map01100],map00250map00650map01100,Other amino acid metabolism,Carbohydrate metabolism
M00028,"Ornithine biosynthesis, glutamate => ornithine",,Amino Acid Metabolism,"M00028 Ornithine biosynthesis, glutamate => ornithine [PATH:map00220map01210map01230map01100]",map00220map01210map01230map01100,Arginine and proline metabolism,Carbohydrate metabolism
M00029,Urea cycle,Urea,Amino Acid Metabolism,M00029 Urea cycle [PATH:map00220map01230map01100],map00220map01230map01100,Arginine and proline metabolism,Carbohydrate metabolism
M00032,"Lysine degradation, lysine => saccharopine => acetoacetyl-CoA",Acetyl-CoA,Amino Acid Metabolism,"M00032 Lysine degradation, lysine => saccharopine => acetoacetyl-CoA [PATH:map00310map01100]",map00310map01100,Lysine metabolism,Carbohydrate metabolism
M00033,"Ectoine biosynthesis, aspartate => ectoine",Stress Response,Amino Acid Metabolism,"M00033 Ectoine biosynthesis, aspartate => ectoine [PATH:map00260map01210map01230map01100map01120]",map00260map01210map01230map01100map01120,Serine and threonine metabolism,Carbohydrate metabolism
M00034,Methionine salvage pathway,Amino Acid Synthesis,Amino Acid Metabolism,M00034 Methionine salvage pathway [PATH:map00270map01100],map00270map01100,Cysteine and methionine metabolism,Carbohydrate metabolism
M00035,Methionine degradation,Amino Acid Degradation,Amino Acid Metabolism,M00035 Methionine degradation [PATH:map00270map01100],map00270map01100,Cysteine and methionine metabolism,Carbohydrate metabolism
M00036,"Leucine degradation, leucine => acetoacetate + acetyl-CoA",Acetyl-CoA,Amino Acid Metabolism,"M00036 Leucine degradation, leucine => acetoacetate + acetyl-CoA [PATH:map00280map01100]",map00280map01100,Branched-chain amino acid metabolism,Carbohydrate metabolism
M00037,"Melatonin biosynthesis, tryptophan => serotonin => melatonin",Neurotransmitters?,Amino Acid Metabolism,"M00037 Melatonin biosynthesis, animals, tryptophan => serotonin => melatonin [PATH:map00380map01100]",map00380map01100,Aromatic amino acid metabolism,Carbohydrate metabolism
M00038,"Tryptophan metabolism, tryptophan => kynurenine => 2-aminomuconate",,Amino Acid Metabolism,"M00038 Tryptophan metabolism, tryptophan => kynurenine => 2-aminomuconate [PATH:map00380map01100]",map00380map01100,Aromatic amino acid metabolism,Carbohydrate metabolism
M00039,"Monolignol biosynthesis, phenylalanine/tyrosine => monolignol",,Biosynthesis of Other Secondary Metabolites,"M00039 Monolignol biosynthesis, phenylalanine/tyrosine => monolignol [PATH:map00940map01100map01110]",map00940map01100map01110,Biosynthesis of phytochemical compounds,Carbohydrate metabolism
M00042,"Catecholamine biosynthesis, tyrosine => dopamine => noradrenaline => adrenaline",,Amino Acid Metabolism,"M00042 Catecholamine biosynthesis, tyrosine => dopamine => noradrenaline => adrenaline [PATH:map00350map01100]",map00350map01100,Aromatic amino acid metabolism,Carbohydrate metabolism
M00044,"Tyrosine degradation, tyrosine => homogentisate",,Amino Acid Metabolism,"M00044 Tyrosine degradation, tyrosine => homogentisate [PATH:map00350map01100]",map00350map01100,Aromatic amino acid metabolism,Carbohydrate metabolism
M00045,"Histidine degradation, histidine => N-formiminoglutamate => glutamate",Neurotransmitters?,Amino Acid Metabolism,"M00045 Histidine degradation, histidine => N-formiminoglutamate => glutamate [PATH:map00340map01100]",map00340map01100,Histidine metabolism,Carbohydrate metabolism
M00046,"Pyrimidine degradation, uracil => beta-alanine, thymine => 3-aminoisobutanoate",Nucleotide,Nucleotide Metabolism,"M00046 Pyrimidine degradation, uracil => beta-alanine, thymine => 3-aminoisobutanoate [PATH:map00240map01100]",map00240map01100,Pyrimidine metabolism,Carbohydrate metabolism
M00048,"Inosine monophosphate biosynthesis, PRPP + glutamine => IMP",,Nucleotide Metabolism,"M00048 Inosine monophosphate biosynthesis, PRPP + glutamine => IMP [PATH:map00230map01100]",map00230map01100,Purine metabolism,Carbohydrate metabolism
M00049,"Adenine ribonucleotide biosynthesis, IMP => ADP,ATP",Nucleotide,Nucleotide Metabolism,"M00049 Adenine ribonucleotide biosynthesis, IMP => ADP,ATP [PATH:map00230map01240map01100]",map00230map01240map01100,Purine metabolism,Carbohydrate metabolism
M00050,"Guanine ribonucleotide biosynthesis IMP => GDP,GTP",ATP,Nucleotide Metabolism,"M00050 Guanine ribonucleotide biosynthesis, IMP => GDP,GTP [PATH:map00230map01100]",map00230map01100,Purine metabolism,Carbohydrate metabolism
M00051,"Uridine monophosphate biosynthesis, glutamine (+ PRPP) => UMP",ATP,Nucleotide Metabolism,"M00051 Uridine monophosphate biosynthesis, glutamine (+ PRPP) => UMP [PATH:map00240map01240map01100]",map00240map01240map01100,Pyrimidine metabolism,Carbohydrate metabolism
M00052,"Pyrimidine ribonucleotide biosynthesis, UMP => UDP/UTP,CDP/CTP",,Nucleotide Metabolism,"M00052 Pyrimidine ribonucleotide biosynthesis, UMP => UDP/UTP,CDP/CTP [PATH:map00240map01240map01100]",map00240map01240map01100,Pyrimidine metabolism,Carbohydrate metabolism
M00053,"Pyrimidine deoxyribonuleotide biosynthesis, CDP/CTP => dCDP/dCTP,dTDP/dTTP",,Nucleotide Metabolism,"M00053 Pyrimidine deoxyribonuleotide biosynthesis, CDP => dCTP [PATH:map00240map01100]",map00240map01100,Pyrimidine metabolism,Carbohydrate metabolism
M00055,N-glycan precursor biosynthesis,Nucleotide,Glycan Metabolism,M00055 N-glycan precursor biosynthesis [PATH:map00510map01100],map00510map01100,Glycan biosynthesis,Carbohydrate metabolism
M00078,Heparan sulfate degradation,,Glycan Metabolism,M00078 Heparan sulfate degradation [PATH:map00531map01100],map00531map01100,Glycosaminoglycan metabolism,Carbohydrate metabolism
M00079,Keratan sulfate degradation,,Glycan Metabolism,M00079 Keratan sulfate degradation [PATH:map00531map01100],map00531map01100,Glycosaminoglycan metabolism,Carbohydrate metabolism
M00080,"Lipopolysaccharide biosynthesis, inner core => outer core => O-antigen",,Lipid Metabolism,#N/A,#N/A,#N/A,#N/A
M00082,"Fatty acid biosynthesis, initiation",,Lipid Metabolism,"M00082 Fatty acid biosynthesis, initiation [PATH:map00061map01212map01100]",map00061map01212map01100,Fatty acid metabolism,Carbohydrate metabolism
M00114,"Ascorbate biosynthesis, plants, glucose-6P => ascorbate",,Carbohydrate Metabolism,"M00114 Ascorbate biosynthesis, plants, fructose-6P => ascorbate [PATH:map00051map00053map01240map01100map01110]",map00051map00053map01240map01100map01110,Other carbohydrate metabolism,Carbohydrate metabolism
M00115,"NAD biosynthesis, aspartate => NAD",Fatty Acid,Metabolism of Cofactors and Vitamins,"M00115 NAD biosynthesis, aspartate => quinolinate => NAD [PATH:map00760map01240map01100]",map00760map01240map01100,Cofactor and vitamin metabolism,Carbohydrate metabolism
M00116,"Menaquinone biosynthesis, chorismate => menaquinone",Biosynthesis,Metabolism of Cofactors and Vitamins,"M00116 Menaquinone biosynthesis, chorismate (+ polyprenyl-PP) => menaquinol [PATH:map00130map01240map01100map01110]",map00130map01240map01100map01110,Cofactor and vitamin metabolism,Carbohydrate metabolism
M00118,"Glutathione biosynthesis, glutamate => glutathione",Vitamin K - Bergeys!!,Amino Acid Metabolism,"M00118 Glutathione biosynthesis, glutamate => glutathione [PATH:map00480map01240map01100]",map00480map01240map01100,Other amino acid metabolism,Carbohydrate metabolism
M00119,"Pantothenate biosynthesis, valine/L-aspartate => pantothenate",Two-component regulatory systems,Metabolism of Cofactors and Vitamins,"M00119 Pantothenate biosynthesis, valine/L-aspartate => pantothenate [PATH:map00770map01240map01100map01110]",map00770map01240map01100map01110,Cofactor and vitamin metabolism,Carbohydrate metabolism
M00121,"Heme biosynthesis, glutamate => heme",,Metabolism of Cofactors and Vitamins,"M00121 Heme biosynthesis, plants and bacteria, glutamate => heme [PATH:map00860map01240map01100map01110]",map00860map01240map01100map01110,Cofactor and vitamin metabolism,Carbohydrate metabolism
M00122,"Cobalamin biosynthesis, cobinamide => cobalamin",Biosynthesis,Metabolism of Cofactors and Vitamins,"M00122 Cobalamin biosynthesis, cobyrinate a,c-diamide => cobalamin [PATH:map00860map01240map01100]",map00860map01240map01100,Cofactor and vitamin metabolism,Carbohydrate metabolism
M00123,"Biotin biosynthesis, pimeloyl-ACP/CoA => biotin",Biosynthesis,Metabolism of Cofactors and Vitamins,"M00123 Biotin biosynthesis, pimeloyl-ACP/CoA => biotin [PATH:map00780map01240map01100]",map00780map01240map01100,Cofactor and vitamin metabolism,Carbohydrate metabolism
M00124,"Pyridoxal biosynthesis, erythrose-4P => pyridoxal-5P",Biosynthesis,Metabolism of Cofactors and Vitamins,"M00124 Pyridoxal-P biosynthesis, erythrose-4P => pyridoxal-P [PATH:map00750map01240map01100]",map00750map01240map01100,Cofactor and vitamin metabolism,Carbohydrate metabolism
M00129,"Ascorbate biosynthesis, animals, glucose-1P => ascorbate",,Carbohydrate Metabolism,"M00129 Ascorbate biosynthesis, animals, glucose-1P => ascorbate [PATH:map00040map00053map01240map01100]",map00040map00053map01240map01100,Other carbohydrate metabolism,Carbohydrate metabolism
M00131,"Inositol phosphate metabolism, Ins(1,3,4,5)P4 => Ins(1,3,4)P3 => myo-inositol",,Carbohydrate Metabolism,"M00131 Inositol phosphate metabolism, Ins(1,3,4,5)P4=> Ins(1,3,4)P3=> myo-inositol [PATH:map00562map01100]",map00562map01100,Other carbohydrate metabolism,Carbohydrate metabolism
M00133,"Polyamine biosynthesis, arginine => agmatine => putrescine => spermidine",,Amino Acid Metabolism,"M00133 Polyamine biosynthesis, arginine => agmatine => putrescine => spermidine [PATH:map00330map01100]",map00330map01100,Polyamine biosynthesis,Carbohydrate metabolism
M00134,"Polyamine biosynthesis, arginine => ornithine => putrescine",,Amino Acid Metabolism,"M00134 Polyamine biosynthesis, arginine => ornithine => putrescine [PATH:map00330map01100]",map00330map01100,Polyamine biosynthesis,Carbohydrate metabolism
M00135,"GABA biosynthesis, eukaryotes, putrescine => GABA",Biosynthesis,Amino Acid Metabolism,"M00135 GABA biosynthesis, eukaryotes, putrescine => GABA [PATH:map00330map01100]",map00330map01100,Polyamine biosynthesis,Carbohydrate metabolism
M00141,"C1-unit interconversion, eukaryotes",,Metabolism of Cofactors and Vitamins,"M00141 C1-unit interconversion, eukaryotes [PATH:map00670map01240map01100]",map00670map01240map01100,Cofactor and vitamin metabolism,Carbohydrate metabolism
M00165,Reductive pentose phosphate cycle (Calvin cycle),,Energy Metabolism,M00165 Reductive pentose phosphate cycle (Calvin cycle) [PATH:map00710map01200map01100map01120],map00710map01200map01100map01120,Carbon fixation,Carbohydrate metabolism
M00172,"C4-dicarboxylic acid cycle, NADP - malic enzyme type",Photosynthesis,Energy Metabolism,"M00172 C4-dicarboxylic acid cycle, NADP - malic enzyme type [PATH:map00620map00710map01200map01100map01120]",map00620map00710map01200map01100map01120,Carbon fixation,Carbohydrate metabolism
M00173,Reductive citrate cycle (Arnon-Buchanan cycle),Photosynthesis,Energy Metabolism,M00173 Reductive citrate cycle (Arnon-Buchanan cycle) [PATH:map00720map01200map01100map01120],map00720map01200map01100map01120,Carbon fixation,Carbohydrate metabolism
M00176,"Assimilatory sulfate reduction, sulfate => H2S",Carbon,Energy Metabolism,"M00176 Assimilatory sulfate reduction, sulfate => H2S [PATH:map00920map01100map01120]",map00920map01100map01120,Sulfur metabolism,Carbohydrate metabolism
M00178,"Ribosome, bacteria",Sulfur,Other,#N/A,#N/A,#N/A,#N/A
M00183,"RNA polymerase, bacteria",,Other,#N/A,#N/A,#N/A,#N/A
M00190,Iron(III) transport system,Antimicrobial Resistance,Transport System,#N/A,#N/A,#N/A,#N/A
M00207,Putative multiple sugar transport system,,Transport System,#N/A,#N/A,#N/A,#N/A
M00211,Putative ABC transport system,,Transport System,#N/A,#N/A,#N/A,#N/A
M00212,Ribose transport system,,Transport System,#N/A,#N/A,#N/A,#N/A
M00222,Phosphate transport system,Biosynthesis,Transport System,#N/A,#N/A,#N/A,#N/A
M00237,Branched-chain amino acid transport system,Transport,Transport System,#N/A,#N/A,#N/A,#N/A
M00239,Peptides/nickel transport system,Transport,Transport System,#N/A,#N/A,#N/A,#N/A
M00240,Iron complex transport system,,Transport System,#N/A,#N/A,#N/A,#N/A
M00250,Lipopolysaccharide transport system,Transport,Transport System,#N/A,#N/A,#N/A,#N/A
M00253,Sodium transport system,,Transport System,#N/A,#N/A,#N/A,#N/A
M00254,ABC-2 type transport system,,Transport System,#N/A,#N/A,#N/A,#N/A
M00255,Lipoprotein-releasing system,,Transport System,#N/A,#N/A,#N/A,#N/A
M00256,Cell division transport system,Transport,Transport System,#N/A,#N/A,#N/A,#N/A
M00258,Putative ABC transport system,Transport,Transport System,#N/A,#N/A,#N/A,#N/A
M00259,Heme transport system,Transport,Transport System,#N/A,#N/A,#N/A,#N/A
M00260,"DNA polymerase III complex, bacteria",,Other,#N/A,#N/A,#N/A,#N/A
M00307,"Pyruvate oxidation, pyruvate => acetyl-CoA",,Carbohydrate Metabolism,"M00307 Pyruvate oxidation, pyruvate => acetyl-CoA [PATH:map00010map00020map00620map01200map01100]",map00010map00020map00620map01200map01100,Central carbohydrate metabolism,Carbohydrate metabolism
M00308,"Semi-phosphorylative Entner-Doudoroff pathway, gluconate => glycerate-3P",,Carbohydrate Metabolism,"M00308 Semi-phosphorylative Entner-Doudoroff pathway, gluconate => glycerate-3P [PATH:map00030map01200map01100map01120]",map00030map01200map01100map01120,Central carbohydrate metabolism,Carbohydrate metabolism
M00319,Manganese/zinc/iron transport system,,Transport System,#N/A,#N/A,#N/A,#N/A
M00320,Lipopolysaccharide export system,,Transport System,#N/A,#N/A,#N/A,#N/A
M00327,S-Layer protein transport system,,Transport System,#N/A,#N/A,#N/A,#N/A
M00335,Sec (secretion) system,,Transport System,#N/A,#N/A,#N/A,#N/A
M00336,Twin-arginine translocation (Tat) system,Amino Acid Synthesis,Transport System,#N/A,#N/A,#N/A,#N/A
M00338,"Cysteine biosynthesis, homocysteine + serine => cysteine",,Amino Acid Metabolism,"M00338 Cysteine biosynthesis, homocysteine + serine => cysteine [PATH:map00260map00270map01230map01100]",map00260map00270map01230map01100,Cysteine and methionine metabolism,Carbohydrate metabolism
M00344,"Formaldehyde assimilation, xylulose monophosphate pathway",,Energy Metabolism,"M00344 Formaldehyde assimilation, xylulose monophosphate pathway [PATH:map00680map01200map01100map01120]",map00680map01200map01100map01120,Methane metabolism,Carbohydrate metabolism
M00346,"Formaldehyde assimilation, serine pathway",,Energy Metabolism,"M00346 Formaldehyde assimilation, serine pathway [PATH:map00680map01200map01100map01120]",map00680map01200map01100map01120,Methane metabolism,Carbohydrate metabolism
M00350,"Capsaicin biosynthesis, L-Phenylalanine => Capsaicin",,Other,#N/A,#N/A,#N/A,#N/A
M00357,"Methanogenesis, acetate => methane",,Energy Metabolism,"M00357 Methanogenesis, acetate => methane [PATH:map00680map01200map01100map01120]",map00680map01200map01100map01120,Methane metabolism,Carbohydrate metabolism
M00358,Coenzyme M biosynthesis,Carbon,Energy Metabolism,M00358 Coenzyme M biosynthesis [PATH:map00680map01240map01100map01120],map00680map01240map01100map01120,Methane metabolism,Carbohydrate metabolism
M00359,"Aminoacyl-tRNA biosynthesis, eukaryotes",Carbon,Other,#N/A,#N/A,#N/A,#N/A
M00360,"Aminoacyl-tRNA biosynthesis, prokaryotes",,Other,#N/A,#N/A,#N/A,#N/A
M00361,"Nucleotide sugar biosynthesis, eukaryotes",Amino Acid Synthesis,Other,#N/A,#N/A,#N/A,#N/A
M00362,"Nucleotide sugar biosynthesis, prokaryotes",Amino Acid Synthesis,Other,#N/A,#N/A,#N/A,#N/A
M00364,"C10-C20 isoprenoid biosynthesis, bacteria",,Biosynthesis of terpenoids and polyketides,"M00364 C10-C20isoprenoid biosynthesis, bacteria [PATH:map00900map01100map01110]",map00900map01100map01110,Terpenoid backbone biosynthesis,Carbohydrate metabolism
M00365,"C10-C20 isoprenoid biosynthesis, archaea",,Biosynthesis of terpenoids and polyketides,"M00365 C10-C20isoprenoid biosynthesis, archaea [PATH:map00900map01100map01110]",map00900map01100map01110,Terpenoid backbone biosynthesis,Carbohydrate metabolism
M00366,"C10-C20 isoprenoid biosynthesis, plants",Metabolic Synthesis,Biosynthesis of terpenoids and polyketides,"M00366 C10-C20isoprenoid biosynthesis, plants [PATH:map00900map01100map01110]",map00900map01100map01110,Terpenoid backbone biosynthesis,Carbohydrate metabolism
M00367,"C10-C20 isoprenoid biosynthesis, non-plant eukaryotes",Metabolic Synthesis,Biosynthesis of terpenoids and polyketides,"M00367 C10-C20isoprenoid biosynthesis, non-plant eukaryotes [PATH:map00900map01100map01110]",map00900map01100map01110,Terpenoid backbone biosynthesis,Carbohydrate metabolism
M00368,"Ethylene biosynthesis, methionine => ethylene",Metabolic Synthesis,Amino Acid Metabolism,"M00368 Ethylene biosynthesis, methionine => ethylene [PATH:map00270map01100map01110]",map00270map01100map01110,Cysteine and methionine metabolism,Carbohydrate metabolism
M00373,Ethylmalonyl pathway,,Carbohydrate Metabolism,M00373 Ethylmalonyl pathway [PATH:map00630map01200map01100map01120],map00630map01200map01100map01120,Other carbohydrate metabolism,Carbohydrate metabolism
M00374,Dicarboxylate-hydroxybutyrate cycle,,Energy Metabolism,M00374 Dicarboxylate-hydroxybutyrate cycle [PATH:map00720map01200map01100map01120],map00720map01200map01100map01120,Carbon fixation,Carbohydrate metabolism
M00375,Hydroxypropionate-hydroxybutylate cycle,Carbon,Energy Metabolism,M00375 Hydroxypropionate-hydroxybutylate cycle [PATH:map00720map01200map01100map01120],map00720map01200map01100map01120,Carbon fixation,Carbohydrate metabolism
M00376,3-Hydroxypropionate bi-cycle,Carbon,Energy Metabolism,M00376 3-Hydroxypropionate bi-cycle [PATH:map00720map01200map01100map01120],map00720map01200map01100map01120,Carbon fixation,Carbohydrate metabolism
M00377,Reductive acetyl-CoA pathway (Wood-Ljungdahl pathway),Carbon,Energy Metabolism,M00377 Reductive acetyl-CoA pathway (Wood-Ljungdahl pathway) [PATH:map00720map01200map01100map01120],map00720map01200map01100map01120,Carbon fixation,Carbohydrate metabolism
M00419,"Cymene degradation, p-cymene => p-cumate",Aerobic Respiration,Xenobiotics biodegradation,"M00419 Cymene degradation, p-cymene => p-cumate [PATH:map00622map01220map01100map01120]",map00622map01220map01100map01120,Aromatics degradation,Carbohydrate metabolism
M00432,"Leucine biosynthesis, 2-oxoisovalerate => 2-oxoisocaproate",,Amino Acid Metabolism,"M00432 Leucine biosynthesis, 2-oxoisovalerate => 2-oxoisocaproate [PATH:map00290map01210map01230map01100map01110]",map00290map01210map01230map01100map01110,Branched-chain amino acid metabolism,Carbohydrate metabolism
M00434,PhoR-PhoB (phosphate starvation response) two-component regulatory system,Metabolism,Two-component regulatory system,#N/A,#N/A,#N/A,#N/A
M00454,KdpD-KdpE (potassium transport) two-component regulatory system,,Two-component regulatory system,#N/A,#N/A,#N/A,#N/A
M00473,UhpB-UhpA (hexose phosphates uptake) two-component regulatory system,,Two-component regulatory system,#N/A,#N/A,#N/A,#N/A
M00475,BarA-UvrY (central carbon metabolism) two-component regulatory system,,Two-component regulatory system,#N/A,#N/A,#N/A,#N/A
M00493,AlgZ-AlgR (alginate production) two-component regulatory system,,Two-component regulatory system,#N/A,#N/A,#N/A,#N/A
M00498,NtrY-NtrX (nitrogen regulation) two-component regulatory system,,Two-component regulatory system,#N/A,#N/A,#N/A,#N/A
M00501,PilS-PilR (type 4 fimbriae synthesis) two-component regulatory system,,Two-component regulatory system,#N/A,#N/A,#N/A,#N/A
M00502,GlrK-GlrR (amino sugar metabolism) two-component regulatory system,Two-component regulatory systems,Two-component regulatory system,#N/A,#N/A,#N/A,#N/A
M00506,CheA-CheYBV (chemotaxis) two-component regulatory system,,Two-component regulatory system,#N/A,#N/A,#N/A,#N/A
M00509,WspE-WspRF (chemosensory) two-component regulatory system,,Two-component regulatory system,#N/A,#N/A,#N/A,#N/A
M00511,PleC-PleD (cell fate control) two-component regulatory system,Metabolite,Two-component regulatory system,#N/A,#N/A,#N/A,#N/A
M00512,CckA-CtrA/CpdR (cell cycle control) two-component regulatory system,,Two-component regulatory system,#N/A,#N/A,#N/A,#N/A
M00516,SLN1-YPD1-SSK1/SKN7 (osmosensing) two-component regulatory system,,Two-component regulatory system,#N/A,#N/A,#N/A,#N/A
M00519,YesM-YesN two-component regulatory system,,Two-component regulatory system,#N/A,#N/A,#N/A,#N/A
M00524,FixL-FixJ (nitrogen fixation) two-component regulatory system,,Two-component regulatory system,#N/A,#N/A,#N/A,#N/A
M00525,"Lysine biosynthesis, acetyl-DAP pathway, aspartate => lysine",,Amino Acid Metabolism,"M00525 Lysine biosynthesis, acetyl-DAP pathway, aspartate => lysine [PATH:map00300map01230map01100]",map00300map01230map01100,Lysine metabolism,Carbohydrate metabolism
M00526,"Lysine biosynthesis, DAP dehydrogenase pathway, aspartate => lysine",Two-component regulatory systems,Amino Acid Metabolism,"M00526 Lysine biosynthesis, DAP dehydrogenase pathway, aspartate => lysine [PATH:map00300map01230map01100]",map00300map01230map01100,Lysine metabolism,Carbohydrate metabolism
M00527,"Lysine biosynthesis, DAP aminotransferase pathway, aspartate => lysine",Amino Acid Synthesis,Amino Acid Metabolism,"M00527 Lysine biosynthesis, DAP aminotransferase pathway, aspartate => lysine [PATH:map00300map01230map01100map01110]",map00300map01230map01100map01110,Lysine metabolism,Carbohydrate metabolism
M00529,"Denitrification, nitrate => nitrogen",Amino Acid Synthesis,Energy Metabolism,"M00529 Denitrification, nitrate => nitrogen [PATH:map00910map01100map01120]",map00910map01100map01120,Nitrogen metabolism,Carbohydrate metabolism
M00530,"Dissimilatory nitrate reduction, nitrate => ammonia",,Energy Metabolism,"M00530 Dissimilatory nitrate reduction, nitrate => ammonia [PATH:map00910map01100map01120]",map00910map01100map01120,Nitrogen metabolism,Carbohydrate metabolism
M00532,Photorespiration,,Carbohydrate Metabolism,M00532 Photorespiration [PATH:map00630map01200map01100map01110],map00630map01200map01100map01110,Other carbohydrate metabolism,Carbohydrate metabolism
M00533,"Homoprotocatechuate degradation, homoprotocatechuate => 2-oxohept-3-enedioate",Nitrogen,Amino Acid Metabolism,"M00533 Homoprotocatechuate degradation, homoprotocatechuate => 2-oxohept-3-enedioate [PATH:map00350map01220map01100map01120]",map00350map01220map01100map01120,Aromatic amino acid metabolism,Carbohydrate metabolism
M00535,"Isoleucine biosynthesis, pyruvate => 2-oxobutanoate",Catabolism,Amino Acid Metabolism,"M00535 Isoleucine biosynthesis, pyruvate => 2-oxobutanoate [PATH:map00290map00660map01210map01230map01100]",map00290map00660map01210map01230map01100,Branched-chain amino acid metabolism,Carbohydrate metabolism
M00537,"Xylene degradation, xylene => methylbenzoate",,Xenobiotics biodegradation,"M00537 Xylene degradation, xylene => methylbenzoate [PATH:map00622map01220map01100map01120]",map00622map01220map01100map01120,Aromatics degradation,Carbohydrate metabolism
M00538,"Toluene degradation, toluene => benzoate",Amino Acid Synthesis,Xenobiotics biodegradation,"M00538 Toluene degradation, toluene => benzoate [PATH:map00623map01220map01100map01120]",map00623map01220map01100map01120,Aromatics degradation,Carbohydrate metabolism
M00539,"Cumate degradation, p-cumate => 2-oxopent-4-enoate + 2-methylpropanoate",,Xenobiotics biodegradation,"M00539 Cumate degradation, p-cumate => 2-oxopent-4-enoate + 2-methylpropanoate [PATH:map00622map01220map01100map01120]",map00622map01220map01100map01120,Aromatics degradation,Carbohydrate metabolism
M00545,"Trans-cinnamate degradation, trans-cinnamate => acetyl-CoA",,Xenobiotics biodegradation,"M00545 Trans-cinnamate degradation, trans-cinnamate => acetyl-CoA [PATH:map00360map01220map01100map01120]",map00360map01220map01100map01120,Aromatics degradation,Carbohydrate metabolism
M00546,"Purine degradation, xanthine => urea",,Nucleotide Metabolism,"M00546 Purine degradation, xanthine => urea [PATH:map00230map01100]",map00230map01100,Purine metabolism,Carbohydrate metabolism
M00549,"Nucleotide sugar biosynthesis, glucose => UDP-glucose",,Carbohydrate Metabolism,"M00549 Nucleotide sugar biosynthesis, glucose => UDP-glucose [PATH:map00520map01250map01100]",map00520map01250map01100,Other carbohydrate metabolism,Carbohydrate metabolism
M00550,"Ascorbate degradation, ascorbate => D-xylulose-5P",,Carbohydrate Metabolism,"M00550 Ascorbate degradation, ascorbate => D-xylulose-5P [PATH:map00053map01100map01120]",map00053map01100map01120,Other carbohydrate metabolism,Carbohydrate metabolism
M00552,"D-galactonate degradation, De Ley-Doudoroff pathway, D-galactonate => glycerate-3P",,Carbohydrate Metabolism,"M00552 D-galactonate degradation, De Ley-Doudoroff pathway, D-galactonate => glycerate-3P [PATH:map00052map01100]",map00052map01100,Other carbohydrate metabolism,Carbohydrate metabolism
M00554,"Nucleotide sugar biosynthesis, galactose => UDP-galactose",,Carbohydrate Metabolism,"M00554 Nucleotide sugar biosynthesis, galactose => UDP-galactose [PATH:map00520map00052map01250map01100]",map00520map00052map01250map01100,Other carbohydrate metabolism,Carbohydrate metabolism
M00565,"Trehalose biosynthesis, D-glucose 1P => trehalose",,Carbohydrate Metabolism,"M00565 Trehalose biosynthesis, D-glucose 1P => trehalose [PATH:map00500map01100map01110]",map00500map01100map01110,Other carbohydrate metabolism,Carbohydrate metabolism
M00567,"Methanogenesis, CO2 => methane",,Energy Metabolism,"M00567 Methanogenesis, CO2=> methane [PATH:map00680map01200map01100map01120]",map00680map01200map01100map01120,Methane metabolism,Carbohydrate metabolism
M00568,"Catechol ortho-cleavage, catechol => 3-oxoadipate",,Xenobiotics biodegradation,"M00568 Catechol ortho-cleavage, catechol => 3-oxoadipate [PATH:map00362map01220map01100map01120]",map00362map01220map01100map01120,Aromatics degradation,Carbohydrate metabolism
M00569,"Catechol meta-cleavage, catechol => acetyl-CoA / 4-methylcatechol => propanoyl-CoA",Carbon,Xenobiotics biodegradation,"M00569 Catechol meta-cleavage, catechol => acetyl-CoA / 4-methylcatechol => propanoyl-CoA [PATH:map00362map00622map01220map01100map01120]",map00362map00622map01220map01100map01120,Aromatics degradation,Carbohydrate metabolism
M00570,"Isoleucine biosynthesis, threonine => 2-oxobutanoate => isoleucine",Soil Bacteria Pathway,Amino Acid Metabolism,"M00570 Isoleucine biosynthesis, threonine => 2-oxobutanoate => isoleucine [PATH:map00290map01230map01100]",map00290map01230map01100,Branched-chain amino acid metabolism,Carbohydrate metabolism
M00572,"Pimeloyl-ACP biosynthesis, BioC-BioH pathway, malonyl-ACP => pimeloyl-ACP",Amino Acid Synthesis,Metabolism of Cofactors and Vitamins,"M00572 Pimeloyl-ACP biosynthesis, BioC-BioH pathway, malonyl-ACP => pimeloyl-ACP [PATH:map00780map01240map01100]",map00780map01240map01100,Cofactor and vitamin metabolism,Carbohydrate metabolism
M00573,"Biotin biosynthesis, BioI pathway, long-chain-acyl-ACP => pimeloyl-ACP => biotin",,,"M00573 Biotin biosynthesis, BioI pathway, long-chain-acyl-ACP => pimeloyl-ACP => biotin [PATH:map00780map01240map01100]",map00780map01240map01100,Cofactor and vitamin metabolism,Carbohydrate metabolism
M00577,"Biotin biosynthesis, BioW pathway, pimelate => pimeloyl-CoA => biotin",,,"M00577 Biotin biosynthesis, BioW pathway, pimelate => pimeloyl-CoA => biotin [PATH:map00780map01240map01100]",map00780map01240map01100,Cofactor and vitamin metabolism,Carbohydrate metabolism
M00579,"Phosphate acetyltransferase-acetate kinase pathway, acetyl-CoA => acetate",,,"M00579 Phosphate acetyltransferase-acetate kinase pathway, acetyl-CoA => acetate [PATH:map00430map00620map00720map01200map01100map01120]",map00430map00620map00720map01200map01100map01120,Carbon fixation,Carbohydrate metabolism
M00580,"Pentose phosphate pathway, archaea, fructose 6P => ribose 5P",,,"M00580 Pentose phosphate pathway, archaea, fructose 6P => ribose 5P [PATH:map00030map01200map01230map01100map01120]",map00030map01200map01230map01100map01120,Central carbohydrate metabolism,Carbohydrate metabolism
M00600,"alpha-1,4-Digalacturonate transport system",Photosystem,,#N/A,#N/A,#N/A,#N/A
M00609,"Cysteine biosynthesis, methionine => cysteine",,,"M00609 Cysteine biosynthesis, methionine => cysteine [PATH:map00270map01230map01100]",map00270map01230map01100,Cysteine and methionine metabolism,Carbohydrate metabolism
M00620,"Incomplete reductive citrate cycle, acetyl-CoA => oxoglutarate",,,"M00620 Incomplete reductive citrate cycle, acetyl-CoA => oxoglutarate [PATH:map00720map01200map01100map01120]",map00720map01200map01100map01120,Carbon fixation,Carbohydrate metabolism
M00628,"beta-Lactam resistance, AmpC system",,,#N/A,#N/A,#N/A,#N/A
M00631,"D-Galacturonate degradation (bacteria), D-galacturonate => pyruvate + D-glyceraldehyde 3P",Antimicrobial Resistance,,"M00631 D-Galacturonate degradation (bacteria), D-galacturonate => pyruvate + D-glyceraldehyde 3P [PATH:map00040map00030map01100]",map00040map00030map01100,Other carbohydrate metabolism,Carbohydrate metabolism
M00632,"Galactose degradation, Leloir pathway, galactose => alpha-D-glucose-1P",Metabolism,,"M00632 Galactose degradation, Leloir pathway, galactose => alpha-D-glucose-1P [PATH:map00052map01100]",map00052map01100,Other carbohydrate metabolism,Carbohydrate metabolism
M00647,"Multidrug resistance, efflux pump AcrAB-TolC/SmeDEF",,,#N/A,#N/A,#N/A,#N/A
M00668,"Tetracycline resistance, TetA transporter",,,#N/A,#N/A,#N/A,#N/A
M00695,cAMP signaling,,,#N/A,#N/A,#N/A,#N/A
M00701,"Multidrug resistance, efflux pump EmrAB",Signaling,,#N/A,#N/A,#N/A,#N/A
M00707,"Multidrug resistance, MdlAB/SmdAB transporter",,,#N/A,#N/A,#N/A,#N/A
M00727,"Cationic antimicrobial peptide (CAMP) resistance, N-acetylmuramoyl-L-alanine amidase AmiA and AmiC",,,#N/A,#N/A,#N/A,#N/A
M00728,"Cationic antimicrobial peptide (CAMP) resistance, envelope protein folding and degrading factors DegP and DsbA",,,#N/A,#N/A,#N/A,#N/A
M00729,"Fluoroquinolone resistance, gyrase-protecting protein Qnr",Antimicrobial Resistance,,#N/A,#N/A,#N/A,#N/A
M00736,"Nocardicin A biosynthesis, L-pHPG + arginine + serine => nocardicin A",,,"M00736 Nocardicin A biosynthesis, L-pHPG + arginine + serine => nocardicin A [PATH:map00261map01100map01110]",map00261map01100map01110,Biosynthesis of beta-lactams,Carbohydrate metabolism
M00740,Methylaspartate cycle,,,M00740 Methylaspartate cycle [PATH:map00020map00250map00630map01200map01100map01120],map00020map00250map00630map01200map01100map01120,Other carbohydrate metabolism,Carbohydrate metabolism
M00741,"Propanoyl-CoA metabolism, propanoyl-CoA => succinyl-CoA",,,"M00741 Propanoyl-CoA metabolism, propanoyl-CoA => succinyl-CoA [PATH:map00280map00630map00640map01200map01100]",map00280map00630map00640map01200map01100,Other carbohydrate metabolism,Carbohydrate metabolism
M00742,"Aminoglycoside resistance, protease FtsH",Carbon,,#N/A,#N/A,#N/A,#N/A
M00743,"Aminoglycoside resistance, protease HtpX",,,#N/A,#N/A,#N/A,#N/A
M00760,"Erythromycin resistance, macrolide 2'-phosphotransferase I MphA",,,#N/A,#N/A,#N/A,#N/A
M00761,"Undecaprenylphosphate alpha-L-Ara4N biosynthesis, UDP-GlcA => undecaprenyl phosphate alpha-L-Ara4N",,,"M00761 Undecaprenylphosphate alpha-L-Ara4N biosynthesis, UDP-GlcA => undecaprenyl phosphate alpha-L-Ara4N [PATH:map00520map01100]",map00520map01100,Other carbohydrate metabolism,Carbohydrate metabolism
M00774,"Erythromycin biosynthesis, propanoyl-CoA + methylmalonyl-CoA => deoxyerythronolide B => erythromycin A/B",,,"M00774 Erythromycin biosynthesis, propanoyl-CoA + methylmalonyl-CoA => deoxyerythronolide B => erythromycin A/B [PATH:map00522map01100map01110]",map00522map01100map01110,Macrolide biosynthesis,Carbohydrate metabolism
M00776,"Pikromycin/methymycin biosynthesis, methylmalonyl-CoA + malonyl-CoA => narbonolide/10-deoxymethynolide => pikromycin/methymycin",,,"M00776 Pikromycin/methymycin biosynthesis, methylmalonyl-CoA + malonyl-CoA => narbonolide/10-deoxymethynolide => pikromycin/methymycin [PATH:map00522map01100map01110]",map00522map01100map01110,Macrolide biosynthesis,Carbohydrate metabolism
M00777,"Avermectin biosynthesis, 2-methylbutanoyl-CoA/isobutyryl-CoA => 6,8a-Seco-6,8a-deoxy-5-oxoavermectin 1a/1b aglycone => avermectin A1a/B1a/A1b/B1b",,,"M00777 Avermectin biosynthesis, 2-methylbutanoyl-CoA/isobutyryl-CoA => 6,8a-Seco-6,8a-deoxy-5-oxoavermectin 1a/1b aglycone => avermectin A1a/B1a/A1b/B1b [PATH:map00522map01100map01110]",map00522map01100map01110,Macrolide biosynthesis,Carbohydrate metabolism
M00778,"Type II polyketide backbone biosynthesis, acyl-CoA + malonyl-CoA => polyketide",Two-component regulatory systems,,"M00778 Type II polyketide backbone biosynthesis, acyl-CoA + malonyl-CoA => polyketide [PATH:map01056map00253map01100map01110]",map01056map00253map01100map01110,Type II polyketide biosynthesis,Carbohydrate metabolism
M00780,"Tetracycline/oxytetracycline biosynthesis, pretetramide => tetracycline/oxytetracycline",,,"M00780 Tetracycline/oxytetracycline biosynthesis, pretetramide => tetracycline/oxytetracycline [PATH:map00253map01057map01100map01110]",map00253map01057map01100map01110,Type II polyketide biosynthesis,Carbohydrate metabolism
M00782,"Mithramycin biosynthesis, 4-demethylpremithramycinone => mithramycin",Cofactor,,"M00782 Mithramycin biosynthesis, 4-demethylpremithramycinone => mithramycin [PATH:map01057map01100map01110]",map01057map01100map01110,Type II polyketide biosynthesis,Carbohydrate metabolism
M00783,"Tetracenomycin C/8-demethyltetracenomycin C biosynthesis, tetracenomycin F2 => tetracenomycin C/8-demethyltetracenomycin C",,,"M00783 Tetracenomycin C/8-demethyltetracenomycin C biosynthesis, tetracenomycin F2=> tetracenomycin C/8-demethyltetracenomycin C [PATH:map01057map01100map01110]",map01057map01100map01110,Type II polyketide biosynthesis,Carbohydrate metabolism
M00784,"Elloramycin biosynthesis, 8-demethyltetracenomycin C => elloramycin A",,,"M00784 Elloramycin biosynthesis, 8-demethyltetracenomycin C => elloramycin A [PATH:map01057map01100map01110]",map01057map01100map01110,Type II polyketide biosynthesis,Carbohydrate metabolism
M00785,"Cycloserine biosynthesis, arginine/serine => cycloserine",,,"M00785 Cycloserine biosynthesis, arginine/serine => cycloserine [PATH:map00997map01100map01110]",map00997map01100map01110,Biosynthesis of other antibiotics,Carbohydrate metabolism
M00789,"Rebeccamycin biosynthesis, tryptophan => rebeccamycin",,,"M00789 Rebeccamycin biosynthesis, tryptophan => rebeccamycin [PATH:map00404map01100map01110]",map00404map01100map01110,Biosynthesis of other bacterial compounds,Carbohydrate metabolism
M00790,"Pyrrolnitrin biosynthesis, tryptophan => pyrrolnitrin",,,"M00790 Pyrrolnitrin biosynthesis, tryptophan => pyrrolnitrin [PATH:map00404map01100map01110]",map00404map01100map01110,Biosynthesis of other bacterial compounds,Carbohydrate metabolism
M00793,dTDP-L-rhamnose biosynthesis,,,M00793 dTDP-L-rhamnose biosynthesis [PATH:map00521map00523map00541map01250map01100map01110],map00521map00523map00541map01250map01100map01110,Polyketide sugar unit biosynthesis,Carbohydrate metabolism
M00796,dTDP-D-mycaminose biosynthesis,,,M00796 dTDP-D-mycaminose biosynthesis [PATH:map00523map01250map01100map01110],map00523map01250map01100map01110,Polyketide sugar unit biosynthesis,Carbohydrate metabolism
M00797,dTDP-D-desosamine biosynthesis,,,M00797 dTDP-D-desosamine biosynthesis [PATH:map00523map01250map01100map01110],map00523map01250map01100map01110,Polyketide sugar unit biosynthesis,Carbohydrate metabolism
M00800,dTDP-L-megosamine biosynthesis,,,M00800 dTDP-L-megosamine biosynthesis [PATH:map00523map01250map01100map01110],map00523map01250map01100map01110,Polyketide sugar unit biosynthesis,Carbohydrate metabolism
M00803,dTDP-D-angolosamine biosynthesis,,,M00803 dTDP-D-angolosamine biosynthesis [PATH:map00523map01250map01100map01110],map00523map01250map01100map01110,Polyketide sugar unit biosynthesis,Carbohydrate metabolism
M00811,"Nicotine degradation, pyrrolidine pathway, nicotine => succinate semialdehyde",,,"M00811 Nicotine degradation, pyrrolidine pathway, nicotine => succinate semialdehyde [PATH:map00760map01100map01120]",map00760map01100map01120,Cofactor and vitamin metabolism,Carbohydrate metabolism
M00812,AgrC2-AgrA2 (virulence regulation) two-component regulatory system,,,#N/A,#N/A,#N/A,#N/A
M00815,"Validamycin A biosynthesis, sedoheptulopyranose-7P => validamycin A",,,"M00815 Validamycin A biosynthesis, sedoheptulopyranose-7P => validamycin A [PATH:map00525map01100map01110]",map00525map01100map01110,Biosynthesis of other antibiotics,Carbohydrate metabolism
M00823,"Chlortetracycline biosynthesis, pretetramide => chlortetracycline",,,"M00823 Chlortetracycline biosynthesis, pretetramide => chlortetracycline [PATH:map00253map01057map01100map01110]",map00253map01057map01100map01110,Type II polyketide biosynthesis,Carbohydrate metabolism
M00835,"Pyocyanine biosynthesis, chorismate => pyocyanine",,,"M00835 Pyocyanine biosynthesis, chorismate => pyocyanine [PATH:map00405map01100map01110]",map00405map01100map01110,Biosynthesis of other bacterial compounds,Carbohydrate metabolism
M00840,"Tetrahydrofolate biosynthesis, mediated by ribA and trpF, GTP => THF",Urea,,"M00840 Tetrahydrofolate biosynthesis, mediated by ribA and trpF, GTP => THF [PATH:map00790map01240map01100]",map00790map01240map01100,Cofactor and vitamin metabolism,Carbohydrate metabolism
M00841,"Tetrahydrofolate biosynthesis, mediated by PTPS, GTP => THF",,,"M00841 Tetrahydrofolate biosynthesis, mediated by PTPS, GTP => THF [PATH:map00790map01240map01100]",map00790map01240map01100,Cofactor and vitamin metabolism,Carbohydrate metabolism
M00842,"Tetrahydrobiopterin biosynthesis, GTP => BH4",,,"M00842 Tetrahydrobiopterin biosynthesis, GTP => BH4[PATH:map00790map01240map01100]",map00790map01240map01100,Cofactor and vitamin metabolism,Carbohydrate metabolism
M00843,"L-threo-Tetrahydrobiopterin biosynthesis, GTP => L-threo-BH4",Cofactor,,"M00843 L-threo-Tetrahydrobiopterin biosynthesis, GTP => L-threo-BH4[PATH:map00790map01240map01100]",map00790map01240map01100,Cofactor and vitamin metabolism,Carbohydrate metabolism
M00844,"Arginine biosynthesis, ornithine => arginine",Cofactor,,"M00844 Arginine biosynthesis, ornithine => arginine [PATH:map00220map01230map01100]",map00220map01230map01100,Arginine and proline metabolism,Carbohydrate metabolism
M00845,"Arginine biosynthesis, glutamate => acetylcitrulline => arginine",Co-Factor,,"M00845 Arginine biosynthesis, glutamate => acetylcitrulline => arginine [PATH:map00220map01230map01100]",map00220map01230map01100,Arginine and proline metabolism,Carbohydrate metabolism
M00846,"Siroheme biosynthesis, glutamate => siroheme",Amino Acid Synthesis,,"M00846 Siroheme biosynthesis, glutamyl-tRNA => siroheme [PATH:map00860map01240map01100map01110]",map00860map01240map01100map01110,Cofactor and vitamin metabolism,Carbohydrate metabolism
M00849,"C5 isoprenoid biosynthesis, mevalonate pathway, archaea",,,"M00849 C5isoprenoid biosynthesis, mevalonate pathway, archaea [PATH:map00900map01100map01110]",map00900map01100map01110,Terpenoid backbone biosynthesis,Carbohydrate metabolism
M00851,Carbapenem resistance,Metabolite,,M00851 Carbapenem resistance [PATH:map01501],map01501,Drug resistance,Gene set
M00854,"Glycogen biosynthesis, glucose-1P => glycogen/starch",,,"M00854 Glycogen biosynthesis, glucose-1P => glycogen/starch [PATH:map00500map01100]",map00500map01100,Other carbohydrate metabolism,Carbohydrate metabolism
M00855,"Glycogen degradation, glycogen => glucose-6P",,,"M00855 Glycogen degradation, glycogen => glucose-6P [PATH:map00500map01100]",map00500map01100,Other carbohydrate metabolism,Carbohydrate metabolism